<?xml version="1.0" encoding="UTF-8"?>
<!DOCTYPE mapper
        PUBLIC "-//mybatis.org//DTD Mapper 3.0//EN"
        "http://mybatis.org/dtd/mybatis-3-mapper.dtd">
<mapper namespace="com.yuki.bigdata.mapper.ReviewMapper">

    <resultMap id="BaseResultMap" type="com.yuki.bigdata.entity.Review">
            <result property="asin" column="asin" jdbcType="VARCHAR"/>
            <result property="userId" column="user_id" jdbcType="VARCHAR"/>
            <result property="rating" column="rating" jdbcType="INTEGER"/>
            <result property="reviewSum" column="review_sum" jdbcType="VARCHAR"/>
            <result property="reviewDate" column="review_date" jdbcType="DATE"/>
            <result property="helpfulness" column="helpfulness" jdbcType="INTEGER"/>
    </resultMap>

    <sql id="Base_Column_List">
        asin,user_id,rating,
        review_sum,review_date,helpfulness
    </sql>
</mapper>
